Cluster,CustomerID,Gender,Age,Annual Income (k$),Spending Score (1-100)
0,20.09090909090909,0.0,41.36363636363637,24.818181818181817,19.545454545454547
1,20.833333333333332,0.0,25.583333333333332,24.833333333333332,81.83333333333333
2,21.3,1.0,24.4,25.3,73.8
3,37.0,1.0,52.6,34.06666666666667,31.466666666666665
4,49.25,0.0,36.5,40.75,47.666666666666664
